#timestamp, tx, ty, tz, r, p, y
1.61479e+09,7.80881e-05,3.17705e-05,2.91021e-05,4.64077e-06,-1.17546e-05, 3.68131e-07
1.61479e+09,0.533299,-0.0018663,-0.00216775,0.00722803,0.00282059, -0.00429395
1.61479e+09,1.06332,0.0174875,-0.0109015,0.0028133,-0.00283388, 0.175488
1.61479e+09,1.31145,0.0969661,-0.00893804,0.00482576,-0.005375, 0.545309
1.61479e+09,1.45846,0.212414,-0.00772711,0.00782466,-0.00873622, 0.771682
1.61479e+09,1.81314,0.565176,-0.00709966,0.00398429,-0.00620857, 0.636261
1.61479e+09,2.06232,0.694064,-0.00692256,0.00747738,-0.0103808, 0.422092
1.61479e+09,2.53619,0.861179,-0.0131568,0.0107377,0.00231744, 0.324372
1.61479e+09,3.13829,1.03393,-0.0166385,0.00311998,0.00374035, 0.269785
1.61479e+09,3.75937,1.18078,-0.0200081,0.00302363,0.000210348, 0.238926
1.61479e+09,4.31319,1.29722,-0.0282269,0.0027463,0.00687839, 0.223376
1.61479e+09,4.8789,1.41733,-0.039287,-0.00115472,0.00761741, 0.1936
1.61479e+09,5.44355,1.50454,-0.0457512,0.000798717,0.00428014, 0.138453
1.61479e+09,6.06545,1.55922,-0.0535897,0.00216339,0.011539, 0.101415
1.61479e+09,6.70598,1.61008,-0.0605124,0.00105849,-0.00392901, 0.0781186
1.61479e+09,7.38065,1.64982,-0.0710046,-0.000344706,-0.000357448, 0.0626196
1.61479e+09,8.10104,1.68082,-0.0780765,-0.00143902,0.00777524, 0.0489741
1.61479e+09,8.80448,1.70519,-0.0938839,-0.00578286,0.00391383, 0.0357666
1.61479e+09,9.51758,1.72341,-0.106088,-0.00912905,0.00549278, 0.0260801
1.61479e+09,10.2221,1.72506,-0.112718,-0.00727705,0.00359499, 0.0163413
1.61479e+09,10.9475,1.72249,-0.111094,0.00231164,-0.00239291, 0.0337315
1.61479e+09,11.4584,1.76051,-0.124956,-0.0047465,0.0072353, 0.0956937
1.61479e+09,12.1984,1.82764,-0.127004,0.00131459,-0.00414841, 0.123373
1.61479e+09,12.9451,1.91101,-0.136187,0.00563108,-0.000467552, 0.132566
1.61479e+09,13.6856,2.00426,-0.138776,0.0052277,0.00244442, 0.132397
1.61479e+09,14.4277,2.08774,-0.143448,0.00622191,-0.00375718, 0.1202
1.61479e+09,14.9261,2.13912,-0.145014,0.00242944,0.00112601, 0.117958
1.61479e+09,15.43,2.19369,-0.155184,-0.00120142,0.00467842, 0.115826
1.61479e+09,16.1703,2.26962,-0.162626,0.00117459,0.00268922, 0.110804
1.61479e+09,16.6919,2.31538,-0.171937,0.00431622,0.00723511, 0.107848
1.61479e+09,17.2527,2.37093,-0.18373,0.000560715,0.0101605, 0.103235
1.61479e+09,17.8214,2.41135,-0.183121,0.00514678,-0.000722163, 0.0968042
1.61479e+09,18.3899,2.45459,-0.191479,0.0138082,0.000406498, 0.0925069
1.61479e+09,18.9643,2.49803,-0.192346,0.00946085,0.00603905, 0.0874589
1.61479e+09,19.5361,2.53908,-0.200934,0.00654904,-0.000254414, 0.0820462
1.61479e+09,20.1002,2.58309,-0.202326,0.00556193,-0.00850146, 0.0739075
1.61479e+09,20.6754,2.6198,-0.209508,0.00221844,-0.00250765, 0.0682041
1.61479e+09,21.2551,2.64683,-0.210469,0.000395929,0.00695846, 0.0649034
1.61479e+09,21.8301,2.67664,-0.221758,0.00486318,0.00587345, 0.0585076
1.61479e+09,22.399,2.69631,-0.228508,0.00886435,0.00698687, 0.0529471
1.61479e+09,22.9683,2.71966,-0.240203,0.0089265,0.00322601, 0.0487456
1.61479e+09,23.5459,2.73669,-0.248986,0.00665693,0.00023071, 0.0414066
1.61479e+09,24.1171,2.7491,-0.250356,0.00953876,0.00276353, 0.0343201
1.61479e+09,24.6922,2.75979,-0.25472,0.00606912,0.00571665, 0.0511331
1.61479e+09,25.2991,2.79188,-0.262826,0.00927477,0.0500411, 0.139777
1.61479e+09,25.8524,2.90581,-0.311546,0.0386123,0.0440223, 0.325226
1.61479e+09,26.3508,3.16481,-0.308014,0.0149819,0.00492034, 0.492821
1.61479e+09,26.8106,3.48158,-0.315985,0.0155529,-0.0077361, 0.737882
1.61479e+09,27.1533,3.92401,-0.307436,0.0093254,-0.0232625, 1.00518
1.61479e+09,27.4457,4.4188,-0.335061,0.0100522,-0.0190468, 1.08283
1.61479e+09,27.7329,4.95574,-0.336753,0.0222987,0.0331313, 1.11708
1.61479e+09,28.0013,5.4558,-0.352951,0.0294548,0.0308973, 1.09083
1.61479e+09,28.3119,5.9641,-0.381983,0.0228246,0.0395453, 1.00075
1.61479e+09,28.7013,6.44113,-0.432842,0.0295921,0.0901678, 0.899324
1.61479e+09,29.1039,6.91506,-0.502475,0.0351333,0.134214, 0.862699
1.61479e+09,29.4811,7.31733,-0.579967,0.0270365,0.126853, 0.840788
1.61479e+09,29.9763,7.91366,-0.646911,0.0311089,0.057887, 0.895054
1.61479e+09,30.3382,8.34288,-0.682109,0.0381705,0.066713, 0.906795
1.61479e+09,30.6599,8.75276,-0.715487,0.0375348,0.0445723, 0.905945
1.61479e+09,31.0073,9.1662,-0.739329,0.0338274,0.0392125, 0.874831
1.61479e+09,31.3553,9.56259,-0.761083,0.0314068,0.0165019, 0.859122
1.61479e+09,31.729,9.97124,-0.770895,0.0318631,0.0289902, 0.848177
1.61479e+09,32.1125,10.3888,-0.795213,0.0248134,0.0372241, 0.835368
1.61479e+09,32.4842,10.7838,-0.819524,0.020232,0.0326467, 0.794462
1.61479e+09,32.8951,11.1597,-0.844073,0.0321611,0.042246, 0.761582
1.61479e+09,33.3181,11.5027,-0.870731,0.0381393,0.0503664, 0.663571
1.61479e+09,33.78,11.7845,-0.904108,0.0250499,0.0518987, 0.381636
1.61479e+09,34.3249,11.9364,-0.950989,0.020239,0.0758584, 0.21952
1.61479e+09,34.871,11.9959,-0.982852,-0.022213,0.0808929, 0.014966
1.61479e+09,35.4076,11.9911,-1.02548,-0.0463289,0.0576542, -0.0761104
1.61479e+09,35.9596,11.9207,-1.0619,-0.0372337,0.0471022, -0.116708
1.61479e+09,36.4975,11.8472,-1.09294,-0.0074641,0.0400483, -0.0644353
1.61479e+09,37.045,11.8082,-1.11631,-0.0100116,0.0345723, -0.052347
1.61479e+09,37.5906,11.7692,-1.13604,-0.00246982,0.0340381, -0.0465171
1.61479e+09,38.1401,11.7432,-1.16086,-0.00392545,0.027804, -0.0439881
1.61479e+09,38.6971,11.7087,-1.18191,-0.0104471,0.0259075, -0.0464643
1.61479e+09,39.2305,11.687,-1.19246,-0.0140223,0.0295434, -0.0541758
1.61479e+09,39.7557,11.6393,-1.21155,-0.00206394,0.00293851, -0.0536956
1.61479e+09,40.3172,11.6082,-1.21732,-0.00970753,0.00629951, -0.0556833
1.61479e+09,40.9073,11.572,-1.24213,-0.0164173,0.0238278, -0.0607075
1.61479e+09,41.4719,11.53,-1.24516,-0.0140905,0.0196211, -0.0603163
1.61479e+09,42.0271,11.4918,-1.25549,-0.0236714,-0.00222019, -0.0658353
1.61479e+09,42.6127,11.4133,-1.27085,-0.015532,0.0179599, -0.13147
1.61479e+09,43.1797,11.299,-1.28529,0.00328482,0.0123612, -0.19768
1.61479e+09,43.7229,11.1467,-1.29267,0.00723884,0.0121621, -0.278163
1.61479e+09,44.2367,10.9914,-1.28938,-0.0140753,-0.00583543, -0.315269
1.61479e+09,44.7682,10.8179,-1.28952,-0.0355054,-0.0221159, -0.381425
1.61479e+09,45.3088,10.5805,-1.29148,-0.0436402,-0.00127434, -0.425265
1.61479e+09,45.7971,10.3134,-1.28747,-0.0425693,-0.0125391, -0.555822
1.61479e+09,46.289,9.98243,-1.29611,-0.0619013,0.00704593, -0.641848
1.61479e+09,46.7085,9.64062,-1.2876,-0.0735778,-0.0282175, -0.689776
1.61479e+09,47.1345,9.25606,-1.26883,-0.0732905,-0.0355763, -0.748469
1.61479e+09,47.5256,8.85329,-1.24988,-0.0602269,-0.0398672, -0.77017
1.61479e+09,47.9179,8.46651,-1.23894,-0.0751485,-0.0455263, -0.788324
1.61479e+09,37.1053,14.4433,-1.1174,-0.000604043,0.00177685, -3.10681
1.61479e+09,36.5926,14.4025,-1.09739,0.000848365,-0.0641187, -3.13079
1.61479e+09,36.3835,14.3604,-1.08975,-0.0194337,-0.0638589, -2.83126
1.61479e+09,36.2814,14.2959,-1.07763,-0.0422256,-0.0536814, -2.48778
1.61479e+09,36.2597,14.2623,-1.08069,-0.0483835,-0.0411697, -2.25002
1.61479e+09,35.9616,13.8208,-1.06741,-0.0500846,-0.0353802, -2.11861
1.61479e+09,35.6458,13.3175,-1.04913,-0.0475515,-0.0347786, -2.12375
1.61479e+09,35.3176,12.8114,-1.03383,-0.0577273,-0.0394297, -2.18765
1.61479e+09,34.9623,12.3414,-1.00647,-0.0608662,-0.0888722, -2.23799
1.61479e+09,34.6239,11.9226,-0.972,-0.0687538,-0.0473315, -2.25108
1.61479e+09,34.2951,11.5235,-0.949206,-0.0745797,-0.0683261, -2.25985
1.61479e+09,33.9104,11.0807,-0.916533,-0.0610138,-0.0714506, -2.25141
1.61479e+09,33.4883,10.583,-0.874072,-0.0519517,-0.0568312, -2.25848
1.61479e+09,33.0789,10.0784,-0.845546,-0.0630063,-0.047919, -2.26742
1.61479e+09,32.7452,9.705,-0.827563,-0.0572537,-0.0537636, -2.27062
1.61479e+09,32.3821,9.29842,-0.806742,-0.0506605,-0.0447526, -2.27258
1.61479e+09,32.0251,8.89749,-0.783552,-0.0412786,-0.0443959, -2.27906
1.61479e+09,31.6759,8.51832,-0.761743,-0.0244327,-0.0659377, -2.28255
1.61479e+09,31.3086,8.11506,-0.733508,-0.0176629,-0.062817, -2.28552
1.61479e+09,30.9564,7.73335,-0.693469,-0.00938461,-0.0804548, -2.29084
1.61479e+09,30.5996,7.35911,-0.64805,0.00275075,-0.107888, -2.29677
1.61479e+09,30.2139,6.96686,-0.605791,0.017199,-0.0652932, -2.31306
1.61479e+09,29.7712,6.53825,-0.519785,0.0477845,-0.161791, -2.32981
1.61479e+09,29.4168,6.12996,-0.438608,0.0182403,-0.142606, -2.24556
1.61479e+09,29.0576,5.6633,-0.379084,0.00526247,-0.0932109, -2.18155
1.61479e+09,28.7048,5.24082,-0.347425,0.0388529,-0.059931, -2.21273
1.61479e+09,28.3643,4.83545,-0.328046,0.0490368,-0.050565, -2.29773
1.61479e+09,27.9883,4.44237,-0.322232,0.0158413,-0.0344675, -2.42005
1.61479e+09,27.5302,4.12584,-0.312978,0.00778247,-0.00337764, -2.58288
1.61479e+09,26.9603,3.77676,-0.311203,-0.0253636,-0.0131351, -2.64749
1.61479e+09,26.3642,3.52287,-0.300896,-0.0293499,-0.0230754, -2.79652
1.61479e+09,25.8868,3.36529,-0.287489,-0.0266803,-0.0191435, -2.82855
1.61479e+09,25.2487,3.22707,-0.251361,-0.0315223,-0.0298554, -2.95094
1.61479e+09,24.7199,3.1721,-0.234843,-0.0172249,-0.0184616, -2.99451
1.61479e+09,24.1913,3.10315,-0.22062,-0.0204173,-0.014193, -3.02229
1.61479e+09,23.6746,3.05797,-0.224376,-0.0165567,-0.015995, -3.03526
1.61479e+09,23.1555,3.01215,-0.22147,-0.0179047,-0.0185318, -3.0484
1.61479e+09,22.64,2.98615,-0.208731,-0.0158406,-0.0216089, -3.09317
1.61479e+09,22.1253,2.98222,-0.204769,-0.015699,-0.022308, -3.10948
1.61479e+09,21.6052,2.97405,-0.202073,-0.0130426,-0.0204964, -3.12415
1.61479e+09,21.0815,2.97305,-0.193965,-0.0107057,-0.0243128, -3.131
1.61479e+09,20.5656,2.97552,-0.186543,-0.0128437,-0.017433, -3.1282
1.61479e+09,20.0498,2.97797,-0.180551,-0.0141876,-0.0144586, -3.12223
1.61479e+09,19.526,2.96848,-0.182775,-0.0132725,-0.0201793, -3.12297
1.61479e+09,19.0094,2.96772,-0.175808,-0.01912,-0.019354, -3.12589
1.61479e+09,18.4748,2.97298,-0.167388,-0.0178594,-0.0217311, -3.13098
1.61479e+09,17.9199,2.97989,-0.162572,-0.0163457,-0.0174893, -3.13664
1.61479e+09,17.3874,2.98936,-0.158902,-0.016774,-0.0222301, 3.14005
1.61479e+09,16.8506,2.99819,-0.149711,-0.0160818,-0.0279755, 3.13352
1.61479e+09,16.3009,3.01714,-0.141914,-0.0131027,-0.0218444, 3.12773
1.61479e+09,15.7445,3.03203,-0.138732,-0.0141453,-0.0112625, 3.13624
1.61479e+09,15.2125,3.03959,-0.134573,-0.0125364,-0.0227542, -3.13557
1.61479e+09,14.6737,3.03676,-0.124288,-0.0130079,-0.0235175, -3.12594
1.61479e+09,14.1206,3.03563,-0.11901,-0.0147507,-0.0143603, -3.12577
1.61479e+09,13.5892,3.03172,-0.114399,-0.0132093,-0.0259403, -3.13091
1.61479e+09,13.0444,3.04041,-0.107023,-0.0149804,-0.0228775, -3.13485
1.61479e+09,12.4957,3.04458,-0.103293,-0.0140756,-0.0103162, 3.14066
1.61479e+09,11.9448,3.06163,-0.0975167,-0.00797975,-0.00706432, 3.13562
1.61479e+09,11.4024,3.08577,-0.101323,-0.00555064,-0.00960741, 3.07351
1.61479e+09,10.8683,3.14368,-0.0989508,-0.0112815,-0.0101067, 3.01136
1.61479e+09,10.3375,3.23105,-0.0937382,-0.0140457,-0.0145819, 2.9744
1.61479e+09,9.81712,3.33914,-0.0905998,-0.0154301,-0.023014, 2.95703
1.61479e+09,9.29456,3.4446,-0.0769902,-0.0158023,-0.0297096, 2.94372
1.61479e+09,8.66929,3.58357,-0.0650521,-0.0121843,-0.0276641, 2.93473
1.61479e+09,8.11136,3.71772,-0.0554283,-0.00971158,-0.0288762, 2.91994
1.61479e+09,7.54129,3.85433,-0.047673,-0.0175402,-0.0194315, 2.90302
1.61479e+09,6.97692,3.99041,-0.0403518,-0.0207762,-0.0189562, 2.92059
1.61479e+09,6.41278,4.10238,-0.0358232,-0.0202989,-0.0193456, 2.99856
1.61479e+09,5.84218,4.1748,-0.0272823,-0.0179752,-0.0270164, 3.06082
1.61479e+09,5.25974,4.22626,-0.0228944,-0.0170277,-0.0191377, -3.13298
1.61479e+09,4.97987,4.18467,-0.00957946,-0.0194565,-0.0176684, -2.83419
1.61479e+09,4.45632,3.99054,-0.00229775,-0.0226831,-0.021721, -2.60945
1.61479e+09,4.22982,3.79451,-0.014214,-0.0205122,-0.0187097, -2.33363
1.61479e+09,4.12462,3.69003,0.00089608,-0.0258285,-0.00452456, -2.11264
1.61479e+09,4.04544,3.55568,-0.00549789,-0.021268,0.00192773, -1.89939
1.61479e+09,3.98584,3.26712,-0.00705054,-0.0160728,0.00490109, -1.60737
1.61479e+09,4.00337,2.98148,-0.0132381,-0.0111662,0.00379201, -1.21563
1.61479e+09,4.06233,2.83989,-0.0115874,-0.01215,0.00277845, -1.01088
1.61479e+09,4.45342,2.39016,-0.0239359,-0.0116408,0.00599141, -0.737771
1.61479e+09,4.68944,2.21714,-0.0248045,-0.00999976,0.0095928, -0.515279
1.61479e+09,5.20702,1.96563,-0.0419977,-0.00650368,0.00326884, -0.28321
1.61479e+09,5.79312,1.86476,-0.0479791,-0.00689979,0.00477428, -0.108271
1.61479e+09,6.37041,1.79861,-0.0582885,-0.00369293,0.00577785, -0.102985
1.61479e+09,6.92795,1.72473,-0.0621064,-0.00162048,-0.00297511, -0.123964
1.61479e+09,7.50304,1.6441,-0.0682755,-0.00277124,0.00171636, -0.147963
1.61479e+09,8.07859,1.53942,-0.0769354,-0.00191181,0.00843154, -0.165218
1.61479e+09,8.64066,1.44643,-0.0878773,-0.00485069,0.00503273, -0.107642
1.61479e+09,9.2182,1.38803,-0.0928892,-0.00521004,0.00314536, -0.0760952
1.61479e+09,9.79483,1.33739,-0.102982,-0.00509831,0.00698534, -0.0642443
1.61479e+09,10.3515,1.29569,-0.113216,-0.002319,-0.00143678, 0.0470239
1.61479e+09,10.9373,1.33665,-0.112533,0.00269627,-0.00213269, 0.0826612
1.61479e+09,11.5123,1.35247,-0.117765,0.000133996,0.00264128, -0.0150203
1.61479e+09,12.0943,1.31606,-0.121873,-0.00193303,0.00136575, -0.0552648
1.61479e+09,12.6674,1.27721,-0.131267,0.00309271,0.000797252, -0.0472841
1.61479e+09,13.2456,1.24286,-0.137872,0.00803159,0.000939066, -0.00156534
1.61479e+09,13.8221,1.25776,-0.149619,0.00626249,0.00215645, 0.0396856
1.61479e+09,14.4202,1.28158,-0.153049,0.00710632,0.00411009, 0.0497789
1.61479e+09,15.0586,1.29225,-0.153214,0.00841697,-0.00186969, 0.0435493
1.61479e+09,15.6937,1.31375,-0.160513,0.00252331,-0.00208225, 0.0258591
1.61479e+09,16.3413,1.30754,-0.172455,0.00567824,0.00575773, -0.0090273
1.61479e+09,16.9822,1.28065,-0.179885,0.00476642,0.0112724, -0.0294863
1.61479e+09,17.6156,1.25981,-0.199459,0.00523036,0.0113842, 0.0154907
1.61479e+09,18.245,1.27126,-0.205966,-0.000307546,-0.000179743, 0.0367851
1.61479e+09,18.8844,1.29221,-0.211289,-0.00153007,-0.00122111, 0.038313
1.61479e+09,19.5199,1.27719,-0.214249,-0.000489504,0.00170945, -0.0621683
1.61479e+09,20.1573,1.23758,-0.212812,0.00073092,0.001326, -0.0120576
1.61479e+09,20.7798,1.28016,-0.221003,0.0054401,-0.00211739, 0.109024
1.61479e+09,21.4168,1.32427,-0.227087,0.00235054,0.00175556, 0.0554475
1.61479e+09,22.0645,1.33985,-0.230569,0.00238298,0.00449831, 0.0498503
1.61479e+09,22.6986,1.33655,-0.247329,-0.00279776,0.0130886, -0.00842671
1.61479e+09,23.3373,1.3267,-0.2528,-0.00204311,0.00589325, 0.00616498
1.61479e+09,23.9584,1.34275,-0.254078,-0.00122251,-0.00541344, 0.0656811
1.61479e+09,24.6032,1.38915,-0.253922,-0.0011223,-0.00623173, 0.0971826
1.61479e+09,25.1273,1.43426,-0.272443,0.000743753,0.0487395, 0.111818
1.61479e+09,25.8073,1.49211,-0.310039,0.00394788,0.0928872, 0.107598
1.61479e+09,26.3287,1.55025,-0.321922,0.00149021,-0.0128492, 0.100243
1.61479e+09,26.9551,1.61657,-0.323362,-0.0106674,-0.0216694, 0.105568
1.61479e+09,27.5845,1.67275,-0.325085,-0.00967455,-0.0162992, 0.103762
1.61479e+09,28.2055,1.72165,-0.320059,-0.00597099,-0.0295501, 0.0964146
1.61479e+09,28.7907,1.76048,-0.270021,0.00325093,-0.0671682, 0.134475
1.61479e+09,29.393,1.90732,-0.236253,-0.00594847,-0.0682318, 0.37748
1.61479e+09,29.968,2.22607,-0.208694,-0.0124159,-0.0240015, 0.623707
1.61479e+09,30.4843,2.65995,-0.210066,-0.0129327,0.026836, 0.756313
1.61479e+09,30.9336,3.08543,-0.248554,-0.0185202,0.0695825, 0.766856
1.61479e+09,31.3584,3.46734,-0.295914,-0.00143287,0.0893333, 0.76843
1.61479e+09,31.7587,3.85974,-0.346991,-0.0101726,0.105574, 0.776158
1.61479e+09,32.1534,4.2384,-0.408465,-0.00926854,0.102306, 0.778564
1.61479e+09,32.5685,4.63842,-0.485942,-0.00880012,0.126156, 0.780383
1.61479e+09,32.9571,5.02646,-0.551548,-0.0315636,0.132064, 0.768406
1.61479e+09,33.3482,5.38718,-0.628234,-0.0359023,0.124242, 0.719881
1.61479e+09,33.7848,5.75216,-0.709069,-0.0442705,0.136248, 0.686348
1.61479e+09,34.2197,6.09323,-0.789829,-0.0520544,0.137242, 0.664766
1.61479e+09,34.6344,6.39983,-0.85303,-0.0490026,0.101582, 0.643881
1.61479e+09,35.1039,6.69906,-0.907087,0.000864401,0.102837, 0.646865
1.61479e+09,35.5392,7.09036,-0.972528,-0.0724851,0.128849, 0.64324
1.61479e+09,36.0322,7.45833,-1.03921,-0.0751431,0.0601987, 0.629488
1.61479e+09,36.5057,7.73234,-1.06603,0.00456211,0.0766755, 0.686729
1.61479e+09,36.9136,8.07253,-1.09872,0.0224855,0.0400916, 0.743252
1.61479e+09,37.3022,8.42805,-1.11161,0.0285169,0.018438, 0.762075
1.61479e+09,37.7244,8.81911,-1.1221,0.0162222,0.0304421, 0.753271
1.61479e+09,38.1803,9.18602,-1.14282,-0.00371493,0.0216867, 0.533221
1.61479e+09,38.7142,9.45895,-1.16346,-0.00652501,0.0271499, 0.452126
1.61479e+09,39.2499,9.71448,-1.1864,-0.0109454,0.0304956, 0.50417
1.61479e+09,39.7563,10.023,-1.20713,-0.0221137,0.0294292, 0.539174
1.61479e+09,40.213,10.3424,-1.21986,-0.00379304,-0.0034148, 0.72477
1.61479e+09,40.6423,10.759,-1.23088,0.00792769,0.0110504, 0.872143
1.61479e+09,40.9761,11.2718,-1.24259,0.01239,0.022121, 1.13796
1.61479e+09,41.1582,11.8142,-1.25029,0.0212235,-0.00388674, 1.38003
1.61479e+09,41.1944,12.2354,-1.24568,0.0235806,-0.0155445, 1.68347
1.61479e+09,41.0871,12.6845,-1.24647,0.0240616,-0.0179753, 1.89935
1.61479e+09,40.8431,13.242,-1.24381,0.0248155,-0.0059474, 2.12707
1.61479e+09,40.4696,13.7065,-1.24172,0.0163537,-0.0243243, 2.3754
1.61479e+09,40.2666,13.8881,-1.23058,0.0188717,-0.0373253, 2.62322
1.61479e+09,39.7182,14.1286,-1.21225,0.0188647,-0.0364709, 2.78825
1.61479e+09,39.2252,14.3155,-1.19869,0.0192767,-0.031757, 2.78892
1.61479e+09,38.6765,14.5051,-1.18146,0.0124571,-0.0423811, 2.96478
1.61479e+09,38.4504,14.5065,-1.16552,0.000568046,-0.0458683, -3.00958
1.61479e+09,37.9012,14.3559,-1.14881,-0.00844642,-0.0468192, -2.84668
1.61479e+09,37.5875,14.3079,-1.14002,0.00151813,-0.0432127, -3.06635
1.61479e+09,37.0757,14.3039,-1.11601,0.00565757,-0.0549242, 3.10276
1.61479e+09,37.2346,13.9088,-1.12288,-0.000803465,0.0019569, 3.14137
1.61479e+09,37.0485,14.3831,-1.12034,0.00295498,-0.0494349, -3.12868
1.61479e+09,36.5472,14.372,-1.0931,-0.00371987,-0.0589044, -3.08826
1.61479e+09,36.426,14.3425,-1.08928,-0.0162667,-0.0692603, -2.84267
1.61479e+09,36.3218,14.2802,-1.08691,-0.0369627,-0.0512474, -2.5207
1.61479e+09,36.2848,14.2492,-1.07871,-0.0469276,-0.0413849, -2.25372
1.61479e+09,35.995,13.8145,-1.065,-0.0484812,-0.0345371, -2.14473
1.61479e+09,35.724,13.3931,-1.05318,-0.047725,-0.0350823, -2.10653
1.61479e+09,35.4021,12.8842,-1.03923,-0.0545296,-0.0330069, -2.16649
1.61479e+09,35.057,12.4085,-1.01408,-0.0602659,-0.0683271, -2.23048
1.61479e+09,34.7438,12.0157,-0.976759,-0.0619314,-0.0797617, -2.25688
1.61479e+09,34.4078,11.6039,-0.963311,-0.0755939,-0.0670822, -2.2589
1.61479e+09,34.0351,11.1706,-0.930256,-0.0614727,-0.0469039, -2.24985
1.61479e+09,33.6231,10.6871,-0.894422,-0.0508137,-0.0609585, -2.24901
1.61479e+09,33.2025,10.1723,-0.850243,-0.0593142,-0.0451862, -2.26364
1.61479e+09,32.7762,9.67318,-0.830312,-0.0571728,-0.057155, -2.27153
1.61479e+09,32.4083,9.27167,-0.804534,-0.0478016,-0.0445221, -2.27475
1.61479e+09,32.0528,8.87191,-0.786072,-0.0393098,-0.0448512, -2.2803
1.61479e+09,31.7013,8.48668,-0.761724,-0.0232,-0.0674325, -2.28068
1.61479e+09,31.343,8.08863,-0.733578,-0.0150763,-0.0651778, -2.28068
1.61479e+09,30.9813,7.70519,-0.696247,-0.00724527,-0.0809939, -2.28925
1.61479e+09,30.6307,7.32931,-0.654671,0.00681643,-0.109743, -2.29512
1.61479e+09,30.2423,6.93544,-0.601444,0.0279979,-0.0650075, -2.30985
1.61479e+09,29.8169,6.51153,-0.518735,0.0452159,-0.174026, -2.32728
1.61479e+09,29.4487,6.07779,-0.433744,0.0122455,-0.137917, -2.23014
1.61479e+09,29.1007,5.6125,-0.376983,0.00502984,-0.092635, -2.17632
1.61479e+09,28.7565,5.19257,-0.348853,0.0400055,-0.0612141, -2.19251
1.61479e+09,28.4129,4.78885,-0.330314,0.0603372,-0.0532128, -2.29222
1.61479e+09,28.0436,4.37455,-0.327113,0.0205005,-0.0246095, -2.40447
1.61479e+09,27.5843,4.06616,-0.316818,0.0178756,-0.00180404, -2.58286
1.61479e+09,27.015,3.7239,-0.321575,-0.0117128,-0.0168898, -2.65438
1.61479e+09,26.4301,3.4575,-0.303411,-0.0274571,-0.0211355, -2.76947
1.61479e+09,25.9403,3.28737,-0.303252,-0.0275834,-0.0114978, -2.81127
1.61479e+09,25.2993,3.14493,-0.266409,-0.0239077,-0.0375641, -2.9654
1.61479e+09,24.793,3.08345,-0.233444,-0.0279396,-0.0312171, -3.02235
1.61479e+09,24.2453,3.03717,-0.232165,-0.0169329,-0.0152051, -3.03317
1.61479e+09,23.734,2.98887,-0.215604,-0.0143327,-0.0140118, -3.04496
1.61479e+09,23.2103,2.95116,-0.223217,-0.0167806,-0.0186271, -3.05506
1.61479e+09,22.6945,2.95423,-0.21717,-0.0132777,-0.0198127, 3.12136
1.61479e+09,22.186,2.97676,-0.213754,-0.0106314,-0.0216699, 3.11663
1.61479e+09,21.671,2.99375,-0.206612,-0.0124979,-0.0213091, 3.14036
1.61479e+09,21.1504,2.9924,-0.198733,-0.0115114,-0.0213739, -3.11799
1.61479e+09,20.6246,2.98715,-0.191719,-0.0116165,-0.0167925, -3.10744
1.61479e+09,20.0942,2.96901,-0.184908,-0.0101615,-0.00969178, -3.10614
1.61479e+09,19.5825,2.96511,-0.184713,-0.0138521,-0.0156764, -3.11499
1.61479e+09,19.0699,2.95606,-0.17865,-0.0180322,-0.020003, -3.12371
1.61479e+09,18.5417,2.95778,-0.174299,-0.0150434,-0.0205978, -3.13152
1.61479e+09,17.9868,2.95891,-0.162309,-0.015364,-0.0114936, -3.13732
1.61479e+09,17.4471,2.96993,-0.171841,-0.0157363,-0.0222211, 3.13813
1.61479e+09,16.92,2.97851,-0.151545,-0.0123933,-0.0252456, 3.13242
1.61479e+09,16.3675,3.00358,-0.14502,-0.0112465,-0.0212662, 3.12601
1.61479e+09,15.8138,3.0073,-0.142736,-0.0147077,-0.0101226, -3.11826
1.61479e+09,15.2735,3.00154,-0.139822,-0.011653,-0.0239196, -3.11815
1.61479e+09,14.7416,3.00297,-0.124823,-0.0107309,-0.0207833, -3.13302
1.61479e+09,14.1858,3.00564,-0.128148,-0.0137643,-0.0136172, -3.13783
1.61479e+09,13.6513,3.01509,-0.121106,-0.0100592,-0.0218532, -3.1342
1.61479e+09,13.1054,3.01791,-0.105337,-0.0136752,-0.0208538, -3.13433
1.61479e+09,12.5595,3.0294,-0.107457,-0.0140236,-0.0132671, -3.13783
1.61479e+09,12.0105,3.03889,-0.106157,-0.00597156,-0.00566019, 3.14089
1.61479e+09,11.4682,3.06768,-0.10791,-0.00400976,-0.010399, 3.04331
1.61479e+09,10.9314,3.14089,-0.111223,-0.00876346,-0.0118678, 2.98748
1.61479e+09,10.4024,3.23571,-0.0970581,-0.0129743,-0.0125513, 2.97975
1.61479e+09,9.87618,3.32967,-0.0956106,-0.0146727,-0.0213514, 2.97169
1.61479e+09,9.36307,3.43113,-0.0875016,-0.0142476,-0.0266978, 2.95982
1.61479e+09,8.72926,3.56233,-0.074538,-0.0123334,-0.0270097, 2.93542
1.61479e+09,8.17201,3.69793,-0.0546753,-0.0109242,-0.0277179, 2.91702
1.61479e+09,7.60358,3.83369,-0.0456905,-0.0131989,-0.0152377, 2.90563
1.61479e+09,7.0431,3.97167,-0.0384042,-0.0206145,-0.0177572, 2.9239
1.61479e+09,6.47945,4.08302,-0.037392,-0.020908,-0.0165787, 3.01617
1.61479e+09,5.90842,4.14463,-0.0341025,-0.0173441,-0.0255989, 3.05821
1.61479e+09,5.33653,4.19541,-0.0202207,-0.0186969,-0.0170881, 3.13806
1.61479e+09,5.05345,4.16129,-0.0153929,-0.0171682,-0.0166033, -2.87668
1.61479e+09,4.51619,3.97416,-0.00673231,-0.022029,-0.0241609, -2.57703
1.61479e+09,4.28548,3.78978,0.00144699,-0.0272359,-0.0108272, -2.36303
1.61479e+09,4.10651,3.56739,-0.0065189,-0.0247845,-0.00107901, -1.92847
1.61479e+09,4.03174,3.27915,-0.00781279,-0.0165685,0.00377201, -1.56198
1.61479e+09,4.06934,2.98283,-0.0109186,-0.0158487,0.00350776, -1.2571
1.61479e+09,4.11502,2.85138,-0.0101659,-0.0124326,0.00189832, -1.04077
1.61479e+09,4.30739,2.61361,-0.0131836,-0.0181177,0.00372458, -0.829378
1.61479e+09,4.61517,2.31018,-0.0114338,-0.0114142,0.010758, -0.56662
1.61479e+09,5.13782,2.03576,-0.0267334,-0.00912281,0.00824905, -0.416279
1.61479e+09,5.40766,1.951,-0.0289106,-0.00853162,0.00830228, -0.14917
1.61479e+09,5.99696,1.87472,-0.0352543,-0.00715235,0.0111158, -0.105709
1.61479e+09,6.56103,1.79749,-0.0480417,-0.00377087,-0.00154049, -0.131667
1.61479e+09,7.12786,1.70786,-0.0506764,-0.00115269,0.00124538, -0.140222
1.61479e+09,7.70712,1.62067,-0.0566391,-0.00362231,0.00519759, -0.14646
1.61479e+09,8.27586,1.52038,-0.0626134,-0.00197633,0.00493574, -0.156854
1.61479e+09,8.84815,1.44362,-0.0727075,-0.00497031,0.00275903, -0.0893075
1.61479e+09,9.42604,1.39473,-0.080506,-0.00868368,0.0055056, -0.0716609
1.61479e+09,10.0104,1.33917,-0.0889246,-0.00665638,0.0114823, -0.0635035
1.61479e+09,10.5631,1.3232,-0.097892,0.00115378,-0.00533783, 0.082
1.61479e+09,11.1508,1.35898,-0.0983933,9.12165e-05,0.00395624, 0.0641167
1.61479e+09,11.7271,1.35113,-0.107888,-0.00209991,0.0036512, -0.0402801
1.61479e+09,12.2972,1.31899,-0.118355,-0.000263748,-0.0029961, -0.0212146
1.61479e+09,12.8817,1.29382,-0.116286,0.00559587,0.00864293, -0.00442629
1.61479e+09,13.4502,1.29543,-0.131401,0.00554622,0.00186944, 0.0156366
1.61479e+09,14.0251,1.30246,-0.141464,0.00418537,-2.49426e-05, 0.0335276
1.61479e+09,14.6424,1.32224,-0.14346,0.0106748,0.00368502, 0.0467076
1.61479e+09,15.2717,1.34199,-0.156338,0.00647376,0.00429997, 0.0366232
1.61479e+09,15.9143,1.34707,-0.166413,0.000129173,0.00254773, 0.00794899
1.61479e+09,16.5613,1.32483,-0.175635,0.00431781,0.00688278, -0.0166639
1.61479e+09,17.2004,1.30306,-0.181522,0.00581091,0.0146593, -0.0273184
1.61479e+09,17.8319,1.31574,-0.198396,0.00406344,0.00783989, 0.0611845
1.61479e+09,18.4632,1.34146,-0.203958,-0.000267597,0.00508653, 0.036124
1.61479e+09,19.1004,1.34645,-0.211445,-0.00189114,0.00286284, 0.019863
1.61479e+09,19.7344,1.31464,-0.225081,0.000227281,0.00444013, -0.056496
1.61479e+09,20.3594,1.27932,-0.22693,0.00649839,-0.00172696, 0.0284325
1.61479e+09,21.0037,1.31276,-0.231034,0.00162803,0.00203244, 0.0635363
1.61479e+09,21.6498,1.34176,-0.236654,0.00341649,0.0040426, 0.0683154
1.61479e+09,22.2871,1.37189,-0.250408,0.00280542,0.0119222, 0.0129879
1.61479e+09,22.9215,1.35305,-0.260695,-0.00210784,0.0106152, -0.0335959
1.61479e+09,23.5545,1.35462,-0.273763,-0.0021467,0.00218243, 0.0291022
1.61479e+09,24.1852,1.36715,-0.273401,-0.00256007,-0.0028661, 0.0533262
1.61479e+09,24.8225,1.4097,-0.273526,-0.0019758,0.00122039, 0.102894
1.61479e+09,25.486,1.46775,-0.298211,0.0084894,0.023161, 0.120418
1.61479e+09,26.0962,1.53813,-0.336025,-0.00377373,0.00674064, 0.106721
1.61479e+09,26.7143,1.59337,-0.330272,0.000106484,0.00058955, 0.10538
1.61479e+09,27.3161,1.65706,-0.330862,-0.00958368,-0.0158632, 0.101353
1.61479e+09,27.8151,1.69101,-0.321182,0.00024146,-0.00460469, 0.104606
1.61479e+09,28.3559,1.74658,-0.301857,-0.00688906,-0.0917707, 0.0945612
1.61479e+09,28.987,1.79631,-0.265356,-0.000199643,-0.0884096, 0.160542
1.61479e+09,29.4502,1.92284,-0.233297,-0.00393867,-0.0623014, 0.377451
1.61479e+09,29.8887,2.16718,-0.212114,-0.0125575,-0.0330343, 0.599499
1.61479e+09,30.4252,2.57136,-0.209693,-0.011553,0.0177532, 0.705509
1.61479e+09,30.8968,2.99879,-0.237557,-0.0167515,0.0645679, 0.771206
1.61479e+09,31.3233,3.39215,-0.286236,-0.00435459,0.0841564, 0.779033
1.61479e+09,31.7299,3.79419,-0.351862,-0.0130531,0.10343, 0.774948
1.61479e+09,32.1271,4.1612,-0.402594,-0.00660221,0.0987505, 0.780229
1.61479e+09,32.5419,4.56975,-0.470974,-0.00895173,0.126412, 0.780976
1.61479e+09,32.9288,4.96564,-0.540609,-0.029124,0.137421, 0.775425
1.61479e+09,33.3196,5.33868,-0.622259,-0.0356183,0.133959, 0.736015
1.61479e+09,33.749,5.69949,-0.692944,-0.0424887,0.140831, 0.694288
1.61479e+09,34.1757,6.04468,-0.779316,-0.0507035,0.1361, 0.664253
1.61479e+09,34.6002,6.35787,-0.847218,-0.0525662,0.110644, 0.645816
1.61479e+09,35.0531,6.65053,-0.900142,-0.00687147,0.0921466, 0.644157
1.61479e+09,35.4911,7.02535,-0.958898,-0.0630396,0.119945, 0.640634
1.61479e+09,35.9066,7.35071,-1.02048,-0.0849902,0.108235, 0.631669
1.61479e+09,36.334,7.62646,-1.045,-0.0336553,0.0651018, 0.67589
1.61479e+09,36.7487,7.92377,-1.07321,0.0124446,0.0329337, 0.725991
1.61479e+09,37.1593,8.27499,-1.09388,0.0348706,0.0189217, 0.754955
1.61479e+09,37.5555,8.65449,-1.11287,0.0245096,0.0149231, 0.755817
1.61479e+09,37.9974,9.04996,-1.12628,0.0121037,0.0235998, 0.685387
1.61479e+09,38.4881,9.36204,-1.14392,-0.00176925,0.0256002, 0.469815
1.61479e+09,39.0375,9.62034,-1.17147,-0.0111268,0.0327602, 0.44123
1.61479e+09,39.5537,9.90288,-1.1931,-0.0170747,0.0332408, 0.535972
1.61479e+09,40.0373,10.1998,-1.20999,-0.0156611,0.00816667, 0.618611
1.61479e+09,40.5012,10.564,-1.21617,0.00408426,0.0128152, 0.783494
1.61479e+09,40.8813,11.0256,-1.22413,0.00714924,0.0105343, 1.03858
1.61479e+09,41.1293,11.5614,-1.23872,0.0187489,0.00541228, 1.32919
1.61479e+09,41.2141,11.9882,-1.24107,0.0217388,-0.00839115, 1.53658
1.61479e+09,41.1738,12.5864,-1.23239,0.0212374,-0.0181176, 1.75234
1.61479e+09,41.0432,13.0044,-1.23312,0.0283669,-0.0149738, 2.01136
1.61479e+09,40.8069,13.3969,-1.23739,0.0252665,-0.0188485, 2.26412
1.61479e+09,40.4207,13.8287,-1.22739,0.0133353,-0.0282666, 2.47463
1.61479e+09,40.174,13.9862,-1.22,0.0149228,-0.0259581, 2.7291
1.61479e+09,39.6454,14.1973,-1.20328,0.018309,-0.0419125, 2.80248
1.61479e+09,39.1566,14.3771,-1.19196,0.0196307,-0.0317401, 2.80188
1.61479e+09,38.6138,14.5351,-1.18016,0.0130971,-0.0458615, 3.06969
1.61479e+09,38.271,14.5222,-1.1665,0.000325505,-0.0463884, -2.97168
1.61479e+09,37.7256,14.369,-1.1396,-0.00687788,-0.0449442, -2.92891
1.61479e+09,37.2957,14.3509,-1.12765,0.00533404,-0.0474323, 3.13125
1.6148e+09,36.82,14.684,-1.21999,0.0118704,-0.0539428, 3.12533
1.6148e+09,36.394,14.3973,-1.16097,-0.0125726,-0.058517, -2.88814
1.6148e+09,36.3799,14.2476,-1.12198,-0.0266154,-0.0511375, -2.61358
1.6148e+09,36.3007,14.2507,-1.10946,-0.044704,-0.037003, -2.26459
1.6148e+09,36.0144,13.794,-1.10652,-0.0415964,-0.042132, -2.09691
1.6148e+09,35.7434,13.3466,-1.06349,-0.0429336,-0.0384189, -2.13987
1.6148e+09,35.4068,12.8625,-1.05028,-0.0497499,-0.039906, -2.21305
1.6148e+09,35.0663,12.39,-1.04149,-0.055434,-0.0784566, -2.22386
1.6148e+09,34.7203,11.9618,-0.992939,-0.0570034,-0.0728392, -2.23738
1.6148e+09,34.3856,11.5613,-0.972728,-0.0726679,-0.0675419, -2.25147
1.6148e+09,34.0039,11.1256,-0.940177,-0.0539052,-0.056848, -2.26623
1.6148e+09,33.5861,10.6533,-0.896605,-0.0407735,-0.0640491, -2.2677
1.6148e+09,33.2755,10.2578,-0.879291,-0.0494989,-0.0552658, -2.26825
1.6148e+09,32.8608,9.74276,-0.847064,-0.0489549,-0.0559776, -2.27201
1.6148e+09,32.4899,9.35931,-0.812282,-0.0500964,-0.0394958, -2.27503
1.6148e+09,32.1373,8.95975,-0.794425,-0.0416213,-0.0509418, -2.28373
1.6148e+09,31.7715,8.57622,-0.773492,-0.0256008,-0.0559129, -2.27917
1.6148e+09,31.4145,8.18327,-0.746679,-0.0157601,-0.0663382, -2.2831
1.6148e+09,31.0607,7.79515,-0.710105,-0.00919639,-0.0746254, -2.29087
1.6148e+09,30.7048,7.42822,-0.666775,0.0042566,-0.105374, -2.29441
1.6148e+09,30.3183,7.02694,-0.623956,0.0225546,-0.0765309, -2.31106
1.6148e+09,29.8702,6.60121,-0.547414,0.0502755,-0.164377, -2.33344
1.6148e+09,29.5142,6.22158,-0.462856,0.0320288,-0.161907, -2.29777
1.6148e+09,29.145,5.75146,-0.395659,0.00554471,-0.107515, -2.19853
1.6148e+09,28.799,5.32412,-0.352417,0.0303933,-0.0762442, -2.20718
1.6148e+09,28.4478,4.92926,-0.337649,0.0628191,-0.0565797, -2.30414
1.6148e+09,28.077,4.51808,-0.326267,0.0152286,-0.0378695, -2.36207
1.6148e+09,27.6358,4.1707,-0.316631,0.0122177,-0.0073912, -2.50244
1.6148e+09,27.0907,3.79643,-0.314142,-0.0118108,-0.00461433, -2.60687
1.6148e+09,26.5303,3.50419,-0.305278,-0.0262679,-0.0311882, -2.74815
1.6148e+09,26.0429,3.32968,-0.292613,-0.0253208,-0.0213928, -2.79656
1.6148e+09,25.4179,3.17341,-0.264785,-0.0368263,-0.0709183, -2.97342
1.6148e+09,24.9005,3.1168,-0.246979,-0.0220158,-0.0688636, -3.02108
1.6148e+09,24.3392,3.07141,-0.226929,-0.00898454,-0.011386, -3.04091
1.6148e+09,23.8263,3.02761,-0.228431,-0.0149323,-0.0124881, -3.0509
1.6148e+09,23.3039,2.99075,-0.220731,-0.0168549,-0.0189949, -3.05916
1.6148e+09,22.7904,2.98581,-0.210152,-0.0135554,-0.0235648, 3.12188
1.6148e+09,22.2775,3.01544,-0.204662,-0.0125384,-0.0227999, 3.09578
1.6148e+09,21.7583,3.04608,-0.193038,-0.0108578,-0.0226048, 3.10082
1.6148e+09,21.2309,3.0713,-0.188486,-0.00983314,-0.0210662, 3.10672
1.6148e+09,20.7104,3.09562,-0.19057,-0.00972893,-0.0209817, 3.10981
1.6148e+09,20.1842,3.11943,-0.178921,-0.0107102,-0.0158425, 3.11417
1.6148e+09,19.6615,3.14351,-0.176459,-0.0122485,-0.0162978, 3.11096
1.6148e+09,19.1508,3.16151,-0.17507,-0.0132005,-0.0247756, 3.10632
1.6148e+09,18.6149,3.19631,-0.166422,-0.013015,-0.0206821, 3.10005
1.6148e+09,18.0606,3.22406,-0.161474,-0.0145995,-0.0123662, 3.09766
1.6148e+09,17.5279,3.25738,-0.153324,-0.0152227,-0.0136008, 3.09062
1.6148e+09,16.9913,3.29696,-0.144925,-0.014626,-0.0272942, 3.09989
1.6148e+09,16.4467,3.32272,-0.143371,-0.0140526,-0.0218879, 3.1087
1.6148e+09,15.8965,3.34042,-0.136037,-0.0114467,-0.0180805, -3.13153
1.6148e+09,15.3527,3.33051,-0.127125,-0.0135165,-0.0171595, -3.10456
1.6148e+09,14.8197,3.32024,-0.11992,-0.013694,-0.0185773, -3.09418
1.6148e+09,14.2708,3.30365,-0.122824,-0.0112976,-0.0193938, -3.09014
1.6148e+09,13.7344,3.28296,-0.11339,-0.01187,-0.0193707, -3.09071
1.6148e+09,13.1934,3.26269,-0.106485,-0.0126517,-0.0218966, -3.09418
1.6148e+09,12.6474,3.25027,-0.100582,-0.00902366,-0.0155954, -3.09747
1.6148e+09,12.0891,3.24023,-0.104055,-0.00335192,-0.00180023, -3.10315
1.6148e+09,11.5535,3.24164,-0.103366,-0.00567287,-0.00574632, 3.11871
1.6148e+09,11.0282,3.29408,-0.106311,-0.0103503,-0.013156, 3.02025
1.6148e+09,10.4941,3.37672,-0.100318,-0.0154167,-0.0163017, 2.97896
1.6148e+09,9.96752,3.47727,-0.0969594,-0.0178184,-0.0188386, 2.95779
1.6148e+09,9.44765,3.58725,-0.0887904,-0.018378,-0.0285172, 2.94007
1.6148e+09,8.95943,3.70474,-0.0760475,-0.0122801,-0.0282236, 2.92886
1.6148e+09,8.38777,3.83604,-0.060902,-0.0106033,-0.0221822, 2.92147
1.6148e+09,7.8335,3.96403,-0.0522354,-0.0143501,-0.0232858, 2.91128
1.6148e+09,7.27746,4.1051,-0.0439337,-0.0155343,-0.0206383, 2.90314
1.6148e+09,6.70978,4.23017,-0.0365217,-0.0200706,-0.0130496, 2.97878
1.6148e+09,6.28837,4.24964,-0.0380154,-0.0198646,-0.0180936, -3.09946
1.6148e+09,5.71261,4.21179,-0.0244354,-0.0190622,-0.0192537, -3.0402
1.6148e+09,5.15415,4.11342,-0.0271938,-0.0180239,-0.0156362, -2.71755
1.6148e+09,4.64549,3.86082,-0.0103785,-0.0209424,-0.0219921, -2.62138
1.6148e+09,4.29814,3.59483,-0.0113391,-0.024366,-0.0125537, -2.34468
1.6148e+09,4.12927,3.35489,-0.0100251,-0.0214999,-0.00510869, -1.96303
1.6148e+09,4.05271,3.07662,-0.0208205,-0.0141367,-0.000168817, -1.653
1.6148e+09,4.05384,2.78227,-0.0190004,-0.0114606,-0.00165106, -1.23021
1.6148e+09,4.10861,2.6453,-0.00799868,-0.0123281,0.000850262, -0.988016
1.6148e+09,4.50708,2.20293,-0.0193529,-0.0143183,0.00983665, -0.67164
1.6148e+09,4.88155,1.97829,-0.0276579,-0.0100193,0.00741254, -0.463475
1.6148e+09,5.27809,1.81524,-0.032627,-0.00525574,0.00103662, -0.174424
1.6148e+09,5.86609,1.74801,-0.0407922,-0.00377822,0.00621188, -0.0769364
1.6148e+09,6.43517,1.69233,-0.0447812,-0.00502896,0.00480091, -0.0901166
1.6148e+09,7.00103,1.62032,-0.0495607,-0.00301623,-0.00218908, -0.126098
1.6148e+09,7.56933,1.53081,-0.0536789,-0.00106664,0.00307712, -0.149952
1.6148e+09,8.14922,1.42771,-0.0635732,-0.000857863,0.00848195, -0.162367
1.6148e+09,8.71396,1.33417,-0.078346,-0.00543074,0.00320912, -0.128091
1.6148e+09,9.28542,1.26956,-0.0772977,-0.00304368,0.00149117, -0.0773829
1.6148e+09,9.86882,1.22573,-0.0869723,-0.00250556,0.00921189, -0.0414781
1.6148e+09,10.4326,1.2129,-0.0975193,-0.00206561,-0.00509903, 0.0553381
1.6148e+09,11.0125,1.2496,-0.098549,-0.000595084,-0.00285807, 0.0969058
1.6148e+09,11.5813,1.28778,-0.10604,0.000688976,-0.00118979, 0.0489435
1.6148e+09,12.1612,1.27637,-0.114374,-0.000385247,0.00542742, -0.0179435
1.6148e+09,12.734,1.2548,-0.116823,0.00389385,0.00237844, -0.0274312
1.6148e+09,13.3142,1.22647,-0.126272,0.00947433,0.000241683, -0.0205593
1.6148e+09,13.8839,1.21184,-0.142022,0.00578528,0.00333031, 0.00360004
1.6148e+09,14.4943,1.22058,-0.144794,0.00331002,0.000756245, 0.0438613
1.6148e+09,15.1217,1.24807,-0.153083,0.0071344,-0.0016561, 0.0640671
1.6148e+09,15.7603,1.27604,-0.157082,0.0034313,-0.00241071, 0.043142
1.6148e+09,16.4083,1.27365,-0.169368,0.00583874,0.00885077, -0.00798377
1.6148e+09,17.0506,1.24339,-0.184596,0.00514246,0.0151264, -0.0354719
1.6148e+09,17.6817,1.23877,-0.198915,0.00236171,0.00770762, 0.0336993
1.6148e+09,18.3099,1.2629,-0.202648,-0.00151017,0.00258113, 0.0551157
1.6148e+09,18.9453,1.28633,-0.210375,-0.000625313,0.000734812, 0.0493279
1.6148e+09,19.5777,1.26649,-0.218226,-0.00115564,0.00383715, -0.0817537
1.6148e+09,20.21,1.20618,-0.224999,-0.00348247,-0.000699422, -0.0669973
1.6148e+09,20.849,1.20185,-0.226835,0.00257002,-0.000655351, 0.0428258
1.6148e+09,21.4844,1.2358,-0.22769,0.000903878,0.00358841, 0.0729062
1.6148e+09,22.1297,1.268,-0.246366,0.00190396,0.00791163, 0.0665398
1.6148e+09,22.7651,1.26057,-0.247676,-0.00298466,0.011788, -0.0426307
1.6148e+09,23.3942,1.23475,-0.258418,-0.00756538,0.00436625, -0.0160581
1.6148e+09,24.0186,1.2496,-0.266196,-0.00416842,-0.00362295, 0.079341
1.6148e+09,24.659,1.31217,-0.268502,-0.00257951,-0.00301712, 0.112853
1.6148e+09,25.1866,1.35704,-0.279907,0.00244661,0.0456071, 0.122821
1.6148e+09,25.6968,1.41196,-0.3227,0.0123921,0.0751596, 0.114298
1.6148e+09,26.2429,1.46496,-0.333249,-0.0026927,-0.00647275, 0.10259
1.6148e+09,26.8608,1.52738,-0.326873,-0.00290687,-0.0140724, 0.108916
1.6148e+09,27.4866,1.59585,-0.317743,-0.0120664,-0.0203736, 0.108223
1.6148e+09,28.1085,1.65096,-0.314413,-0.012326,-0.027914, 0.103458
1.6148e+09,28.6929,1.6972,-0.277332,-0.00322664,-0.0591164, 0.106842
1.6148e+09,29.2875,1.82495,-0.246682,-0.00819529,-0.0718174, 0.358515
1.6148e+09,29.8788,2.11647,-0.210008,-0.0104038,-0.0378632, 0.559994
1.6148e+09,30.2949,2.39735,-0.204514,-0.0158547,-0.0124361, 0.615224
1.6148e+09,30.8121,2.77393,-0.22878,-0.0247674,0.0407494, 0.647191
1.6148e+09,31.2881,3.12122,-0.26975,-0.0108429,0.082989, 0.675703
1.6148e+09,31.7177,3.47372,-0.326593,-0.0149679,0.0887306, 0.703383
1.6148e+09,32.1423,3.84854,-0.377085,-0.00766869,0.100807, 0.790302
1.6148e+09,32.5423,4.25525,-0.444225,0.00273404,0.111278, 0.819966
1.6148e+09,32.9216,4.66491,-0.513918,-0.0111215,0.115081, 0.805838
1.6148e+09,33.3261,5.07883,-0.593041,-0.0281812,0.143962, 0.778551
1.6148e+09,33.7195,5.43482,-0.662973,-0.0337439,0.128172, 0.732264
1.6148e+09,34.1531,5.80159,-0.742961,-0.039769,0.144064, 0.687663
1.6148e+09,34.5726,6.1328,-0.820226,-0.051587,0.126245, 0.653556
1.6148e+09,34.9897,6.424,-0.870263,-0.0316635,0.0875031, 0.647774
1.6148e+09,35.444,6.74702,-0.931853,-0.0162202,0.0850138, 0.654149
1.6148e+09,35.8864,7.11012,-0.99128,-0.0547814,0.113683, 0.639832
1.6148e+09,36.3932,7.47978,-1.04746,-0.075486,0.0460522, 0.595986
1.6148e+09,36.9084,7.74229,-1.07646,0.0195073,0.0806623, 0.645198
1.6148e+09,37.3181,8.06761,-1.1107,0.0174054,0.0260784, 0.704158
1.6148e+09,37.7295,8.41528,-1.12006,0.0350749,0.00582388, 0.771988
1.6148e+09,38.1511,8.83995,-1.13366,0.00853456,0.0214686, 0.72802
1.6148e+09,38.6336,9.18286,-1.14937,-0.00198642,0.0235771, 0.540953
1.6148e+09,39.1762,9.46109,-1.17085,-0.0142614,0.0272848, 0.402926
1.6148e+09,39.6977,9.73208,-1.18903,-0.0192703,0.024978, 0.526898
1.6148e+09,40.1749,10.0576,-1.20665,-0.0185481,0.027212, 0.723777
1.6148e+09,40.5685,10.4744,-1.22098,-0.00467694,0.0148848, 0.933131
1.6148e+09,40.9143,10.9737,-1.23218,0.0102471,0.00915561, 1.05174
1.6148e+09,41.1638,11.5153,-1.2502,0.0180326,0.00716521, 1.29011
1.6148e+09,41.2281,11.7747,-1.24289,0.0219416,-0.0102568, 1.49839
1.6148e+09,41.1982,12.224,-1.24298,0.0209419,-0.0169377, 1.73711
1.6148e+09,41.0448,12.8031,-1.23674,0.0209246,-0.0159926, 1.96133
1.6148e+09,40.7723,13.3435,-1.23933,0.024639,-0.0115964, 2.19312
1.6148e+09,40.4011,13.7818,-1.23562,0.0115645,-0.0288806, 2.49473
1.6148e+09,40.0203,14.011,-1.22469,0.0202784,-0.0286001, 2.72207
1.6148e+09,39.5211,14.2113,-1.21108,0.0210619,-0.0481449, 2.79802
1.6148e+09,39.0406,14.3824,-1.19465,0.0169338,-0.0339269, 2.82807
1.6148e+09,38.7262,14.4514,-1.1889,0.0105136,-0.0416056, 3.12306
1.6148e+09,38.3816,14.393,-1.17218,-0.000925919,-0.0469188, -2.90885
1.6148e+09,37.8346,14.2531,-1.15023,-0.00228632,-0.0454118, -2.97416
1.6148e+09,37.3141,14.2522,-1.13095,0.00705519,-0.0514115, 3.11606